data_id,user,account_id,address,amount,city,company_address,company_contact,company_email,company_name,company_website,contact_number,contact_person,country
12,pankaj,12,indore,100,indore,srts,8982806000,srts@gmail.com,srts,bulksms.com,8982806000,pankaj,india
12,pankaj,12,indore,100,indore,srts,8982806000,srts@gmail.com,srts,bulksms.com,8982806000,pankaj,india
12,pankaj,12,indore,100,indore,srts,8982806000,srts@gmail.com,srts,bulksms.com,8982806000,pankaj,india
12,pankaj,12,indore,100,indore,srts,8982806000,srts@gmail.com,srts,bulksms.com,8982806000,pankaj,india
12,pankaj,12,indore,100,indore,srts,8982806000,srts@gmail.com,srts,bulksms.com,8982806000,pankaj,india
12,pankaj,12,indore,100,indore,srts,8982806000,srts@gmail.com,srts,bulksms.com,8982806000,pankaj,india
12,pankaj,12,indore,100,indore,srts,8982806000,srts@gmail.com,srts,bulksms.com,8982806000,pankaj,india
12,pankaj,12,indore,100,indore,srts,8982806000,srts@gmail.com,srts,bulksms.com,8982806000,pankaj,india
12,pankaj,12,indore,100,indore,srts,8982806000,srts@gmail.com,srts,bulksms.com,8982806000,pankaj,india
12,pankaj,12,indore,100,indore,srts,8982806000,srts@gmail.com,srts,bulksms.com,8982806000,pankaj,india
12,pankaj,12,indore,100,indore,srts,8982806000,srts@gmail.com,srts,bulksms.com,8982806000,pankaj,india
12,pankaj,12,indore,100,indore,srts,8982806000,srts@gmail.com,srts,bulksms.com,8982806000,pankaj,india
12,pankaj,12,indore,100,indore,srts,8982806000,srts@gmail.com,srts,bulksms.com,8982806000,pankaj,india
12,pankaj,12,indore,100,indore,srts,8982806000,srts@gmail.com,srts,bulksms.com,8982806000,pankaj,india
12,pankaj,12,indore,100,indore,srts,8982806000,srts@gmail.com,srts,bulksms.com,8982806000,pankaj,india
12,pankaj,12,indore,100,indore,srts,8982806000,srts@gmail.com,srts,bulksms.com,8982806000,pankaj,india
12,pankaj,12,indore,100,indore,srts,8982806000,srts@gmail.com,srts,bulksms.com,8982806000,pankaj,india
12,pankaj,12,indore,100,indore,srts,8982806000,srts@gmail.com,srts,bulksms.com,8982806000,pankaj,india
12,pankaj,12,indore,100,indore,srts,8982806000,srts@gmail.com,srts,bulksms.com,8982806000,pankaj,india
12,pankaj,12,indore,100,indore,srts,8982806000,srts@gmail.com,srts,bulksms.com,8982806000,pankaj,india
12,pankaj,12,indore,100,indore,srts,8982806000,srts@gmail.com,srts,bulksms.com,8982806000,pankaj,india
12,pankaj,12,indore,100,indore,srts,8982806000,srts@gmail.com,srts,bulksms.com,8982806000,pankaj,india
12,pankaj,12,indore,100,indore,srts,8982806000,srts@gmail.com,srts,bulksms.com,8982806000,pankaj,india
12,pankaj,12,indore,100,indore,srts,8982806000,srts@gmail.com,srts,bulksms.com,8982806000,pankaj,india
12,pankaj,12,indore,100,indore,srts,8982806000,srts@gmail.com,srts,bulksms.com,8982806000,pankaj,india
12,pankaj,12,indore,100,indore,srts,8982806000,srts@gmail.com,srts,bulksms.com,8982806000,pankaj,india
12,pankaj,12,indore,100,indore,srts,8982806000,srts@gmail.com,srts,bulksms.com,8982806000,pankaj,india
12,pankaj,12,indore,100,indore,srts,8982806000,srts@gmail.com,srts,bulksms.com,8982806000,pankaj,india
12,pankaj,12,indore,100,indore,srts,8982806000,srts@gmail.com,srts,bulksms.com,8982806000,pankaj,india
12,pankaj,12,indore,100,indore,srts,8982806000,srts@gmail.com,srts,bulksms.com,8982806000,pankaj,india
12,pankaj,12,indore,100,indore,srts,8982806000,srts@gmail.com,srts,bulksms.com,8982806000,pankaj,india
12,pankaj,12,indore,100,indore,srts,8982806000,srts@gmail.com,srts,bulksms.com,8982806000,pankaj,india
12,pankaj,12,indore,100,indore,srts,8982806000,srts@gmail.com,srts,bulksms.com,8982806000,pankaj,india
12,pankaj,12,indore,100,indore,srts,8982806000,srts@gmail.com,srts,bulksms.com,8982806000,pankaj,india
12,pankaj,12,indore,100,indore,srts,8982806000,srts@gmail.com,srts,bulksms.com,8982806000,pankaj,india
12,pankaj,12,indore,100,indore,srts,8982806000,srts@gmail.com,srts,bulksms.com,8982806000,pankaj,india
12,pankaj,12,indore,100,indore,srts,8982806000,srts@gmail.com,srts,bulksms.com,8982806000,pankaj,india
12,pankaj,12,indore,100,indore,srts,8982806000,srts@gmail.com,srts,bulksms.com,8982806000,pankaj,india
12,pankaj,12,indore,100,indore,srts,8982806000,srts@gmail.com,srts,bulksms.com,8982806000,pankaj,india
12,pankaj,12,indore,100,indore,srts,8982806000,srts@gmail.com,srts,bulksms.com,8982806000,pankaj,india
12,pankaj,12,indore,100,indore,srts,8982806000,srts@gmail.com,srts,bulksms.com,8982806000,pankaj,india
12,pankaj,12,indore,100,indore,srts,8982806000,srts@gmail.com,srts,bulksms.com,8982806000,pankaj,india
12,pankaj,12,indore,100,indore,srts,8982806000,srts@gmail.com,srts,bulksms.com,8982806000,pankaj,india
12,pankaj,12,indore,100,indore,srts,8982806000,srts@gmail.com,srts,bulksms.com,8982806000,pankaj,india
12,pankaj,12,indore,100,indore,srts,8982806000,srts@gmail.com,srts,bulksms.com,8982806000,pankaj,india
12,pankaj,12,indore,100,indore,srts,8982806000,srts@gmail.com,srts,bulksms.com,8982806000,pankaj,india
12,pankaj,12,indore,100,indore,srts,8982806000,srts@gmail.com,srts,bulksms.com,8982806000,pankaj,india
12,pankaj,12,indore,100,indore,srts,8982806000,srts@gmail.com,srts,bulksms.com,8982806000,pankaj,india
12,pankaj,12,indore,100,indore,srts,8982806000,srts@gmail.com,srts,bulksms.com,8982806000,pankaj,india
12,pankaj,12,indore,100,indore,srts,8982806000,srts@gmail.com,srts,bulksms.com,8982806000,pankaj,india
12,pankaj,12,indore,100,indore,srts,8982806000,srts@gmail.com,srts,bulksms.com,8982806000,pankaj,india
12,pankaj,12,indore,100,indore,srts,8982806000,srts@gmail.com,srts,bulksms.com,8982806000,pankaj,india
12,pankaj,12,indore,100,indore,srts,8982806000,srts@gmail.com,srts,bulksms.com,8982806000,pankaj,india
12,pankaj,12,indore,100,indore,srts,8982806000,srts@gmail.com,srts,bulksms.com,8982806000,pankaj,india
12,pankaj,12,indore,100,indore,srts,8982806000,srts@gmail.com,srts,bulksms.com,8982806000,pankaj,india
12,pankaj,12,indore,100,indore,srts,8982806000,srts@gmail.com,srts,bulksms.com,8982806000,pankaj,india
12,pankaj,12,indore,100,indore,srts,8982806000,srts@gmail.com,srts,bulksms.com,8982806000,pankaj,india
12,pankaj,12,indore,100,indore,srts,8982806000,srts@gmail.com,srts,bulksms.com,8982806000,pankaj,india
12,pankaj,12,indore,100,indore,srts,8982806000,srts@gmail.com,srts,bulksms.com,8982806000,pankaj,india
12,pankaj,12,indore,100,indore,srts,8982806000,srts@gmail.com,srts,bulksms.com,8982806000,pankaj,india
12,pankaj,12,indore,100,indore,srts,8982806000,srts@gmail.com,srts,bulksms.com,8982806000,pankaj,india
12,pankaj,12,indore,100,indore,srts,8982806000,srts@gmail.com,srts,bulksms.com,8982806000,pankaj,india
12,pankaj,12,indore,100,indore,srts,8982806000,srts@gmail.com,srts,bulksms.com,8982806000,pankaj,india
12,pankaj,12,indore,100,indore,srts,8982806000,srts@gmail.com,srts,bulksms.com,8982806000,pankaj,india
12,pankaj,12,indore,100,indore,srts,8982806000,srts@gmail.com,srts,bulksms.com,8982806000,pankaj,india
12,pankaj,12,indore,100,indore,srts,8982806000,srts@gmail.com,srts,bulksms.com,8982806000,pankaj,india
12,pankaj,12,indore,100,indore,srts,8982806000,srts@gmail.com,srts,bulksms.com,8982806000,pankaj,india
12,pankaj,12,indore,100,indore,srts,8982806000,srts@gmail.com,srts,bulksms.com,8982806000,pankaj,india
12,pankaj,12,indore,100,indore,srts,8982806000,srts@gmail.com,srts,bulksms.com,8982806000,pankaj,india
