3_full_name,2_contact_number,15_company_name,1_email_address,9_address,27_lead_type,11_city,12_country,13_pin_code,18_company_website,16_company_contact,14_company_address,10_state
pankaj,8982806000,srts,srts@gmail.com,indore,srts,indore,india,456737,srts.in,8982806000,indore,indore
pankaj,8982806000,srts,srts@gmail.com,indore,srts,indore,india,456737,srts.in,8982806000,indore,indore
pankaj,8982806000,srts,srts@gmail.com,indore,srts,indore,india,456737,srts.in,8982806000,indore,indore
pankaj,8982806000,srts,srts@gmail.com,indore,srts,indore,india,456737,srts.in,8982806000,indore,indore
pankaj,8982806000,srts,srts@gmail.com,indore,srts,indore,india,456737,srts.in,8982806000,indore,indore
pankaj,8982806000,srts,srts@gmail.com,indore,srts,indore,india,456737,srts.in,8982806000,indore,indore
pankaj,8982806000,srts,srts@gmail.com,indore,srts,indore,india,456737,srts.in,8982806000,indore,indore
pankaj,8982806000,srts,srts@gmail.com,indore,srts,indore,india,456737,srts.in,8982806000,indore,indore
pankaj,8982806000,srts,srts@gmail.com,indore,srts,indore,india,456737,srts.in,8982806000,indore,indore
pankaj,8982806000,srts,srts@gmail.com,indore,srts,indore,india,456737,srts.in,8982806000,indore,indore
pankaj,8982806000,srts,srts@gmail.com,indore,srts,indore,india,456737,srts.in,8982806000,indore,indore
pankaj,8982806000,srts,srts@gmail.com,indore,srts,indore,india,456737,srts.in,8982806000,indore,indore
pankaj,8982806000,srts,srts@gmail.com,indore,srts,indore,india,456737,srts.in,8982806000,indore,indore
pankaj,8982806000,srts,srts@gmail.com,indore,srts,indore,india,456737,srts.in,8982806000,indore,indore
pankaj,8982806000,srts,srts@gmail.com,indore,srts,indore,india,456737,srts.in,8982806000,indore,indore
pankaj,8982806000,srts,srts@gmail.com,indore,srts,indore,india,456737,srts.in,8982806000,indore,indore
pankaj,8982806000,srts,srts@gmail.com,indore,srts,indore,india,456737,srts.in,8982806000,indore,indore
pankaj,8982806000,srts,srts@gmail.com,indore,srts,indore,india,456737,srts.in,8982806000,indore,indore
pankaj,8982806000,srts,srts@gmail.com,indore,srts,indore,india,456737,srts.in,8982806000,indore,indore
pankaj,8982806000,srts,srts@gmail.com,indore,srts,indore,india,456737,srts.in,8982806000,indore,indore
pankaj,8982806000,srts,srts@gmail.com,indore,srts,indore,india,456737,srts.in,8982806000,indore,indore
pankaj,8982806000,srts,srts@gmail.com,indore,srts,indore,india,456737,srts.in,8982806000,indore,indore
pankaj,8982806000,srts,srts@gmail.com,indore,srts,indore,india,456737,srts.in,8982806000,indore,indore
pankaj,8982806000,srts,srts@gmail.com,indore,srts,indore,india,456737,srts.in,8982806000,indore,indore
pankaj,8982806000,srts,srts@gmail.com,indore,srts,indore,india,456737,srts.in,8982806000,indore,indore
pankaj,8982806000,srts,srts@gmail.com,indore,srts,indore,india,456737,srts.in,8982806000,indore,indore
pankaj,8982806000,srts,srts@gmail.com,indore,srts,indore,india,456737,srts.in,8982806000,indore,indore
pankaj,8982806000,srts,srts@gmail.com,indore,srts,indore,india,456737,srts.in,8982806000,indore,indore
pankaj,8982806000,srts,srts@gmail.com,indore,srts,indore,india,456737,srts.in,8982806000,indore,indore
pankaj,8982806000,srts,srts@gmail.com,indore,srts,indore,india,456737,srts.in,8982806000,indore,indore
pankaj,8982806000,srts,srts@gmail.com,indore,srts,indore,india,456737,srts.in,8982806000,indore,indore
